FirstName,LastName,EmailAddress,JoinTime,LeaveTime,MeetingID,MeetingTopic,HostName,ParticipantRole
Katherine,Fisher,katherine.fisher@example.com,2025-04-10 09:13:08,2025-04-10 10:52:08,9876543210,Power Query in Excel,Jay Sudha,Attendee
Tammy,Tucker,tammy.tucker@example.com,2025-04-10 09:08:50,2025-04-10 10:49:50,9876543210,Power Query in Excel,Jay Sudha,Attendee
Tammy,Howard,tammy.howard@example.com,2025-04-10 09:05:10,2025-04-10 10:52:10,9876543210,Power Query in Excel,Jay Sudha,Attendee
William,Campbell,william.campbell@example.com,2025-04-10 09:07:27,2025-04-10 10:41:27,9876543210,Power Query in Excel,Jay Sudha,Host
Christine,King,christine.king@example.com,2025-04-10 09:03:14,2025-04-10 10:40:14,9876543210,Power Query in Excel,Jay Sudha,Attendee
Amanda,Thornton,amanda.thornton@example.com,2025-04-10 09:31:03,2025-04-10 10:59:03,9876543210,Power Query in Excel,Jay Sudha,Attendee
Rachel,Collins,rachel.collins@example.com,2025-04-10 09:20:32,2025-04-10 10:53:32,9876543210,Power Query in Excel,Jay Sudha,Attendee
Rachel,Sutton,rachel.sutton@example.com,2025-04-10 09:05:02,2025-04-10 10:26:02,9876543210,Power Query in Excel,Jay Sudha,Attendee
Anita,Gomez,anita.gomez@example.com,2025-04-10 09:16:06,2025-04-10 10:47:06,9876543210,Power Query in Excel,Jay Sudha,Host
Cheryl,Durham,cheryl.durham@example.com,2025-04-10 09:05:23,2025-04-10 10:54:23,9876543210,Power Query in Excel,Jay Sudha,Host
Thomas,Grimes,thomas.grimes@example.com,2025-04-10 09:04:42,2025-04-10 10:57:42,9876543210,Power Query in Excel,Jay Sudha,Co-Host
Bryan,Sellers,bryan.sellers@example.com,2025-04-10 09:08:53,2025-04-10 10:42:53,9876543210,Power Query in Excel,Jay Sudha,Attendee
Christopher,Larsen,christopher.larsen@example.com,2025-04-10 09:00:57,2025-04-10 10:19:57,9876543210,Power Query in Excel,Jay Sudha,Co-Host
Mallory,Barnett,mallory.barnett@example.com,2025-04-10 09:01:30,2025-04-10 10:59:30,9876543210,Power Query in Excel,Jay Sudha,Attendee
Cheryl,Clayton,cheryl.clayton@example.com,2025-04-10 09:00:01,2025-04-10 10:50:01,9876543210,Power Query in Excel,Jay Sudha,Attendee
John,Nguyen,john.nguyen@example.com,2025-04-10 09:11:22,2025-04-10 10:53:22,9876543210,Power Query in Excel,Jay Sudha,Attendee
James,Bradley,james.bradley@example.com,2025-04-10 09:00:32,2025-04-10 10:55:32,9876543210,Power Query in Excel,Jay Sudha,Co-Host
Linda,Thomas,linda.thomas@example.com,2025-04-10 09:04:04,2025-04-10 10:54:04,9876543210,Power Query in Excel,Jay Sudha,Attendee
Seth,Miller,seth.miller@example.com,2025-04-10 09:09:16,2025-04-10 10:57:16,9876543210,Power Query in Excel,Jay Sudha,Attendee
Nancy,Bolton,nancy.bolton@example.com,2025-04-10 09:05:27,2025-04-10 10:55:27,9876543210,Power Query in Excel,Jay Sudha,Co-Host
Daniel,Arnold,daniel.arnold@example.com,2025-04-10 09:33:24,2025-04-10 10:53:24,9876543210,Power Query in Excel,Jay Sudha,Attendee
Amy,Olsen,amy.olsen@example.com,2025-04-10 09:04:15,2025-04-10 10:44:15,9876543210,Power Query in Excel,Jay Sudha,Attendee
James,Lloyd,james.lloyd@example.com,2025-04-10 09:02:18,2025-04-10 10:59:18,9876543210,Power Query in Excel,Jay Sudha,Attendee
Briana,Wallace,briana.wallace@example.com,2025-04-10 09:04:40,2025-04-10 10:58:40,9876543210,Power Query in Excel,Jay Sudha,Attendee
Lauren,Stewart,lauren.stewart@example.com,2025-04-10 09:20:21,2025-04-10 10:56:21,9876543210,Power Query in Excel,Jay Sudha,Attendee
Kelly,Lopez,kelly.lopez@example.com,2025-04-10 09:08:15,2025-04-10 10:43:15,9876543210,Power Query in Excel,Jay Sudha,Attendee
Antonio,Zavala,antonio.zavala@example.com,2025-04-10 09:12:44,2025-04-10 10:31:44,9876543210,Power Query in Excel,Jay Sudha,Attendee
Thomas,Davis,thomas.davis@example.com,2025-04-10 09:04:26,2025-04-10 10:55:26,9876543210,Power Query in Excel,Jay Sudha,Attendee
Nancy,Mclean,nancy.mclean@example.com,2025-04-10 09:08:53,2025-04-10 10:32:53,9876543210,Power Query in Excel,Jay Sudha,Attendee
Christopher,Lyons,christopher.lyons@example.com,2025-04-10 09:14:22,2025-04-10 10:57:22,9876543210,Power Query in Excel,Jay Sudha,Attendee
Frances,Massey,frances.massey@example.com,2025-04-10 09:18:27,2025-04-10 10:53:27,9876543210,Power Query in Excel,Jay Sudha,Co-Host
Joshua,Cain,joshua.cain@example.com,2025-04-10 09:08:57,2025-04-10 10:54:57,9876543210,Power Query in Excel,Jay Sudha,Attendee
Patty,Lawrence,patty.lawrence@example.com,2025-04-10 09:03:40,2025-04-10 10:53:40,9876543210,Power Query in Excel,Jay Sudha,Attendee
Bethany,Hayes,bethany.hayes@example.com,2025-04-10 09:28:37,2025-04-10 10:50:37,9876543210,Power Query in Excel,Jay Sudha,Attendee
Wendy,Stark,wendy.stark@example.com,2025-04-10 09:10:56,2025-04-10 10:59:56,9876543210,Power Query in Excel,Jay Sudha,Attendee
Michael,Nguyen,michael.nguyen@example.com,2025-04-10 09:06:46,2025-04-10 10:59:46,9876543210,Power Query in Excel,Jay Sudha,Attendee
Tom,Mccoy,tom.mccoy@example.com,2025-04-10 09:03:56,2025-04-10 10:36:56,9876543210,Power Query in Excel,Jay Sudha,Attendee
John,Dennis,john.dennis@example.com,2025-04-10 09:01:37,2025-04-10 10:54:37,9876543210,Power Query in Excel,Jay Sudha,Attendee
Janice,Watson,janice.watson@example.com,2025-04-10 09:03:59,2025-04-10 10:38:59,9876543210,Power Query in Excel,Jay Sudha,Attendee
Marvin,Cabrera,marvin.cabrera@example.com,2025-04-10 09:05:49,2025-04-10 10:38:49,9876543210,Power Query in Excel,Jay Sudha,Attendee
Krista,Wyatt,krista.wyatt@example.com,2025-04-10 09:03:26,2025-04-10 10:29:26,9876543210,Power Query in Excel,Jay Sudha,Attendee
Brandon,Berry,brandon.berry@example.com,2025-04-10 09:00:56,2025-04-10 10:57:56,9876543210,Power Query in Excel,Jay Sudha,Attendee
Carrie,Jones,carrie.jones@example.com,2025-04-10 09:36:28,2025-04-10 10:55:28,9876543210,Power Query in Excel,Jay Sudha,Attendee
Cynthia,Obrien,cynthia.obrien@example.com,2025-04-10 09:08:29,2025-04-10 10:31:29,9876543210,Power Query in Excel,Jay Sudha,Co-Host
David,Davis,david.davis@example.com,2025-04-10 09:39:19,2025-04-10 10:56:19,9876543210,Power Query in Excel,Jay Sudha,Attendee
Tina,Johnson,tina.johnson@example.com,2025-04-10 09:00:53,2025-04-10 10:59:53,9876543210,Power Query in Excel,Jay Sudha,Co-Host
James,Arellano,james.arellano@example.com,2025-04-10 09:00:22,2025-04-10 10:49:22,9876543210,Power Query in Excel,Jay Sudha,Attendee
Timothy,Acosta,timothy.acosta@example.com,2025-04-10 09:00:00,2025-04-10 11:00:00,9876543210,Power Query in Excel,Jay Sudha,Attendee
Sharon,Johnson,sharon.johnson@example.com,2025-04-10 09:01:02,2025-04-10 10:49:02,9876543210,Power Query in Excel,Jay Sudha,Attendee
Christine,Huff,christine.huff@example.com,2025-04-10 09:14:31,2025-04-10 10:42:31,9876543210,Power Query in Excel,Jay Sudha,Co-Host
Jeffrey,Lucas,jeffrey.lucas@example.com,2025-04-10 09:00:35,2025-04-10 10:52:35,9876543210,Power Query in Excel,Jay Sudha,Attendee
Ryan,Brown,ryan.brown@example.com,2025-04-10 09:11:57,2025-04-10 10:52:57,9876543210,Power Query in Excel,Jay Sudha,Attendee
Benjamin,Garcia,benjamin.garcia@example.com,2025-04-10 09:07:58,2025-04-10 10:50:58,9876543210,Power Query in Excel,Jay Sudha,Attendee
James,Howard,james.howard@example.com,2025-04-10 09:01:40,2025-04-10 10:57:40,9876543210,Power Query in Excel,Jay Sudha,Host
Mary,Sellers,mary.sellers@example.com,2025-04-10 09:16:03,2025-04-10 10:53:03,9876543210,Power Query in Excel,Jay Sudha,Attendee
Heidi,Harris,heidi.harris@example.com,2025-04-10 09:01:26,2025-04-10 10:55:26,9876543210,Power Query in Excel,Jay Sudha,Attendee
Brian,Lowe,brian.lowe@example.com,2025-04-10 09:06:32,2025-04-10 10:58:32,9876543210,Power Query in Excel,Jay Sudha,Attendee
Fernando,Moreno,fernando.moreno@example.com,2025-04-10 09:28:51,2025-04-10 10:55:51,9876543210,Power Query in Excel,Jay Sudha,Attendee
Candice,Ramos,candice.ramos@example.com,2025-04-10 09:04:00,2025-04-10 10:36:00,9876543210,Power Query in Excel,Jay Sudha,Attendee
Alexander,Maldonado,alexander.maldonado@example.com,2025-04-10 09:05:58,2025-04-10 10:34:58,9876543210,Power Query in Excel,Jay Sudha,Attendee
Samantha,Banks,samantha.banks@example.com,2025-04-10 09:34:43,2025-04-10 10:59:43,9876543210,Power Query in Excel,Jay Sudha,Attendee
Mary,King,mary.king@example.com,2025-04-10 09:26:31,2025-04-10 10:44:31,9876543210,Power Query in Excel,Jay Sudha,Attendee
Stephen,Miller,stephen.miller@example.com,2025-04-10 09:00:50,2025-04-10 10:24:50,9876543210,Power Query in Excel,Jay Sudha,Co-Host
Brandon,Campbell,brandon.campbell@example.com,2025-04-10 09:25:13,2025-04-10 10:54:13,9876543210,Power Query in Excel,Jay Sudha,Attendee
Kathleen,Olson,kathleen.olson@example.com,2025-04-10 09:04:05,2025-04-10 10:55:05,9876543210,Power Query in Excel,Jay Sudha,Attendee
Keith,Howard,keith.howard@example.com,2025-04-10 09:10:24,2025-04-10 10:59:24,9876543210,Power Query in Excel,Jay Sudha,Attendee
Jennifer,Hughes,jennifer.hughes@example.com,2025-04-10 09:09:02,2025-04-10 10:28:02,9876543210,Power Query in Excel,Jay Sudha,Attendee
Maria,Miller,maria.miller@example.com,2025-04-10 09:03:32,2025-04-10 10:58:32,9876543210,Power Query in Excel,Jay Sudha,Attendee
Holly,Moore,holly.moore@example.com,2025-04-10 09:03:16,2025-04-10 10:54:16,9876543210,Power Query in Excel,Jay Sudha,Attendee
Dana,Gray,dana.gray@example.com,2025-04-10 09:15:13,2025-04-10 10:35:13,9876543210,Power Query in Excel,Jay Sudha,Attendee
Anthony,Savage,anthony.savage@example.com,2025-04-10 09:28:17,2025-04-10 10:50:17,9876543210,Power Query in Excel,Jay Sudha,Attendee
Robert,Bates,robert.bates@example.com,2025-04-10 09:38:44,2025-04-10 10:54:44,9876543210,Power Query in Excel,Jay Sudha,Attendee
Gabriel,Brown,gabriel.brown@example.com,2025-04-10 09:01:35,2025-04-10 10:27:35,9876543210,Power Query in Excel,Jay Sudha,Attendee
Eric,Rose,eric.rose@example.com,2025-04-10 09:11:58,2025-04-10 10:56:58,9876543210,Power Query in Excel,Jay Sudha,Attendee
Rebecca,Munoz,rebecca.munoz@example.com,2025-04-10 09:33:15,2025-04-10 10:51:15,9876543210,Power Query in Excel,Jay Sudha,Co-Host
Nicole,Simpson,nicole.simpson@example.com,2025-04-10 09:00:00,2025-04-10 10:16:00,9876543210,Power Query in Excel,Jay Sudha,Attendee
Mary,Williams,mary.williams@example.com,2025-04-10 09:02:39,2025-04-10 10:56:39,9876543210,Power Query in Excel,Jay Sudha,Attendee
Nancy,Burnett,nancy.burnett@example.com,2025-04-10 09:28:04,2025-04-10 10:59:04,9876543210,Power Query in Excel,Jay Sudha,Attendee
Amy,Mccarty,amy.mccarty@example.com,2025-04-10 09:12:50,2025-04-10 10:31:50,9876543210,Power Query in Excel,Jay Sudha,Attendee
Mary,Anderson,mary.anderson@example.com,2025-04-10 09:02:50,2025-04-10 10:39:50,9876543210,Power Query in Excel,Jay Sudha,Attendee
Richard,Gregory,richard.gregory@example.com,2025-04-10 09:01:00,2025-04-10 10:19:00,9876543210,Power Query in Excel,Jay Sudha,Attendee
Aaron,Smith,aaron.smith@example.com,2025-04-10 09:21:35,2025-04-10 10:38:35,9876543210,Power Query in Excel,Jay Sudha,Attendee
Aaron,Carson,aaron.carson@example.com,2025-04-10 09:00:48,2025-04-10 10:59:48,9876543210,Power Query in Excel,Jay Sudha,Host
Cheryl,Lee,cheryl.lee@example.com,2025-04-10 09:18:02,2025-04-10 10:45:02,9876543210,Power Query in Excel,Jay Sudha,Attendee
Debra,Russo,debra.russo@example.com,2025-04-10 09:10:22,2025-04-10 10:55:22,9876543210,Power Query in Excel,Jay Sudha,Attendee
Haley,White,haley.white@example.com,2025-04-10 09:04:46,2025-04-10 10:55:46,9876543210,Power Query in Excel,Jay Sudha,Attendee
Melissa,Sanders,melissa.sanders@example.com,2025-04-10 09:01:00,2025-04-10 10:59:00,9876543210,Power Query in Excel,Jay Sudha,Attendee
Andrew,Sloan,andrew.sloan@example.com,2025-04-10 09:05:33,2025-04-10 10:23:33,9876543210,Power Query in Excel,Jay Sudha,Attendee
Michelle,Anderson,michelle.anderson@example.com,2025-04-10 09:07:54,2025-04-10 10:32:54,9876543210,Power Query in Excel,Jay Sudha,Attendee
Lisa,Newman,lisa.newman@example.com,2025-04-10 09:17:46,2025-04-10 10:53:46,9876543210,Power Query in Excel,Jay Sudha,Attendee
Monica,Ramirez,monica.ramirez@example.com,2025-04-10 09:07:51,2025-04-10 10:29:51,9876543210,Power Query in Excel,Jay Sudha,Attendee
Bobby,Harris,bobby.harris@example.com,2025-04-10 09:00:19,2025-04-10 10:43:19,9876543210,Power Query in Excel,Jay Sudha,Attendee
Angela,Potts,angela.potts@example.com,2025-04-10 09:17:43,2025-04-10 10:32:43,9876543210,Power Query in Excel,Jay Sudha,Attendee
Meghan,Ali,meghan.ali@example.com,2025-04-10 09:01:26,2025-04-10 10:42:26,9876543210,Power Query in Excel,Jay Sudha,Co-Host
Diana,Joseph,diana.joseph@example.com,2025-04-10 09:10:22,2025-04-10 10:57:22,9876543210,Power Query in Excel,Jay Sudha,Co-Host
Stephen,Graham,stephen.graham@example.com,2025-04-10 09:03:51,2025-04-10 10:59:51,9876543210,Power Query in Excel,Jay Sudha,Attendee
Gregory,Bennett,gregory.bennett@example.com,2025-04-10 09:02:17,2025-04-10 10:59:17,9876543210,Power Query in Excel,Jay Sudha,Attendee
Alan,Hernandez,alan.hernandez@example.com,2025-04-10 09:04:58,2025-04-10 10:54:58,9876543210,Power Query in Excel,Jay Sudha,Attendee
Matthew,Richardson,matthew.richardson@example.com,2025-04-10 09:05:41,2025-04-10 10:49:41,9876543210,Power Query in Excel,Jay Sudha,Attendee
Matthew,Oliver,matthew.oliver@example.com,2025-04-10 09:03:11,2025-04-10 10:39:11,9876543210,Power Query in Excel,Jay Sudha,Attendee
Joseph,Hernandez,joseph.hernandez@example.com,2025-04-10 09:00:42,2025-04-10 10:49:42,9876543210,Power Query in Excel,Jay Sudha,Attendee
Keith,Foster,keith.foster@example.com,2025-04-10 09:19:54,2025-04-10 10:49:54,9876543210,Power Query in Excel,Jay Sudha,Attendee
David,Wilson,david.wilson@example.com,2025-04-10 09:09:21,2025-04-10 10:54:21,9876543210,Power Query in Excel,Jay Sudha,Attendee
John,Williams,john.williams@example.com,2025-04-10 09:24:56,2025-04-10 10:57:56,9876543210,Power Query in Excel,Jay Sudha,Attendee
Melody,Chandler,melody.chandler@example.com,2025-04-10 09:01:31,2025-04-10 10:53:31,9876543210,Power Query in Excel,Jay Sudha,Co-Host
Richard,Murphy,richard.murphy@example.com,2025-04-10 09:02:34,2025-04-10 10:57:34,9876543210,Power Query in Excel,Jay Sudha,Co-Host
Daniel,Hoffman,daniel.hoffman@example.com,2025-04-10 09:28:18,2025-04-10 10:51:18,9876543210,Power Query in Excel,Jay Sudha,Attendee
Thomas,Randall,thomas.randall@example.com,2025-04-10 09:16:25,2025-04-10 10:55:25,9876543210,Power Query in Excel,Jay Sudha,Attendee
Matthew,Mendoza,matthew.mendoza@example.com,2025-04-10 09:03:27,2025-04-10 10:59:27,9876543210,Power Query in Excel,Jay Sudha,Attendee
Tyler,Johnson,tyler.johnson@example.com,2025-04-10 09:05:58,2025-04-10 10:58:58,9876543210,Power Query in Excel,Jay Sudha,Attendee
Jessica,Kline,jessica.kline@example.com,2025-04-10 09:11:26,2025-04-10 10:47:26,9876543210,Power Query in Excel,Jay Sudha,Attendee
Courtney,Bennett,courtney.bennett@example.com,2025-04-10 09:05:41,2025-04-10 10:34:41,9876543210,Power Query in Excel,Jay Sudha,Attendee
Cameron,Miller,cameron.miller@example.com,2025-04-10 09:02:58,2025-04-10 10:41:58,9876543210,Power Query in Excel,Jay Sudha,Attendee
Jeffrey,Cruz,jeffrey.cruz@example.com,2025-04-10 09:01:35,2025-04-10 10:59:35,9876543210,Power Query in Excel,Jay Sudha,Attendee
Phillip,Stone,phillip.stone@example.com,2025-04-10 09:03:20,2025-04-10 10:44:20,9876543210,Power Query in Excel,Jay Sudha,Attendee
Samantha,Kramer,samantha.kramer@example.com,2025-04-10 09:00:28,2025-04-10 10:59:28,9876543210,Power Query in Excel,Jay Sudha,Attendee
Jeff,Miller,jeff.miller@example.com,2025-04-10 09:02:53,2025-04-10 10:59:53,9876543210,Power Query in Excel,Jay Sudha,Attendee
Vanessa,Green,vanessa.green@example.com,2025-04-10 09:15:01,2025-04-10 10:40:01,9876543210,Power Query in Excel,Jay Sudha,Attendee
Garrett,Lee,garrett.lee@example.com,2025-04-10 09:26:31,2025-04-10 10:57:31,9876543210,Power Query in Excel,Jay Sudha,Attendee
Caleb,Boyer,caleb.boyer@example.com,2025-04-10 09:01:57,2025-04-10 10:44:57,9876543210,Power Query in Excel,Jay Sudha,Attendee
Anthony,Fox,anthony.fox@example.com,2025-04-10 09:11:58,2025-04-10 10:57:58,9876543210,Power Query in Excel,Jay Sudha,Co-Host
Erica,Wilson,erica.wilson@example.com,2025-04-10 09:06:25,2025-04-10 10:59:25,9876543210,Power Query in Excel,Jay Sudha,Attendee
Jonathan,Davidson,jonathan.davidson@example.com,2025-04-10 09:27:10,2025-04-10 10:44:10,9876543210,Power Query in Excel,Jay Sudha,Attendee
Cindy,Garcia,cindy.garcia@example.com,2025-04-10 09:07:22,2025-04-10 10:41:22,9876543210,Power Query in Excel,Jay Sudha,Attendee
Nicholas,Payne,nicholas.payne@example.com,2025-04-10 09:31:17,2025-04-10 10:49:17,9876543210,Power Query in Excel,Jay Sudha,Attendee
Daniel,Carlson,daniel.carlson@example.com,2025-04-10 09:05:09,2025-04-10 10:46:09,9876543210,Power Query in Excel,Jay Sudha,Attendee
Eddie,Sullivan,eddie.sullivan@example.com,2025-04-10 09:04:09,2025-04-10 10:59:09,9876543210,Power Query in Excel,Jay Sudha,Host
Natalie,Simpson,natalie.simpson@example.com,2025-04-10 09:28:53,2025-04-10 10:51:53,9876543210,Power Query in Excel,Jay Sudha,Host
Martha,Bolton,martha.bolton@example.com,2025-04-10 09:11:00,2025-04-10 10:51:00,9876543210,Power Query in Excel,Jay Sudha,Co-Host
Amy,Velazquez,amy.velazquez@example.com,2025-04-10 09:06:53,2025-04-10 10:47:53,9876543210,Power Query in Excel,Jay Sudha,Attendee
Matthew,Estes,matthew.estes@example.com,2025-04-10 09:00:19,2025-04-10 10:28:19,9876543210,Power Query in Excel,Jay Sudha,Attendee
Lisa,Johnson,lisa.johnson@example.com,2025-04-10 09:21:43,2025-04-10 10:36:43,9876543210,Power Query in Excel,Jay Sudha,Host
Nancy,Morrison,nancy.morrison@example.com,2025-04-10 09:00:18,2025-04-10 10:58:18,9876543210,Power Query in Excel,Jay Sudha,Attendee
Megan,Aguilar,megan.aguilar@example.com,2025-04-10 09:10:38,2025-04-10 10:31:38,9876543210,Power Query in Excel,Jay Sudha,Attendee
Jasmine,Ruiz,jasmine.ruiz@example.com,2025-04-10 09:06:07,2025-04-10 10:59:07,9876543210,Power Query in Excel,Jay Sudha,Attendee
Zachary,Sexton,zachary.sexton@example.com,2025-04-10 09:02:53,2025-04-10 10:36:53,9876543210,Power Query in Excel,Jay Sudha,Attendee
Jeffrey,Williams,jeffrey.williams@example.com,2025-04-10 09:02:15,2025-04-10 10:28:15,9876543210,Power Query in Excel,Jay Sudha,Attendee
Katherine,West,katherine.west@example.com,2025-04-10 09:00:31,2025-04-10 10:40:31,9876543210,Power Query in Excel,Jay Sudha,Attendee
Lauren,Melton,lauren.melton@example.com,2025-04-10 09:10:58,2025-04-10 10:26:58,9876543210,Power Query in Excel,Jay Sudha,Attendee
Tanya,Wagner,tanya.wagner@example.com,2025-04-10 09:07:51,2025-04-10 10:50:51,9876543210,Power Query in Excel,Jay Sudha,Attendee
Wayne,Berry,wayne.berry@example.com,2025-04-10 09:36:10,2025-04-10 10:58:10,9876543210,Power Query in Excel,Jay Sudha,Co-Host
Katherine,Mooney,katherine.mooney@example.com,2025-04-10 09:35:21,2025-04-10 10:58:21,9876543210,Power Query in Excel,Jay Sudha,Attendee
Ronald,Fischer,ronald.fischer@example.com,2025-04-10 09:03:11,2025-04-10 10:59:11,9876543210,Power Query in Excel,Jay Sudha,Attendee
Amanda,George,amanda.george@example.com,2025-04-10 09:19:46,2025-04-10 10:41:46,9876543210,Power Query in Excel,Jay Sudha,Co-Host
Megan,Compton,megan.compton@example.com,2025-04-10 09:16:27,2025-04-10 10:48:27,9876543210,Power Query in Excel,Jay Sudha,Co-Host
Brenda,York,brenda.york@example.com,2025-04-10 09:41:28,2025-04-10 10:58:28,9876543210,Power Query in Excel,Jay Sudha,Attendee
Andrew,Mcclure,andrew.mcclure@example.com,2025-04-10 09:01:42,2025-04-10 10:59:42,9876543210,Power Query in Excel,Jay Sudha,Attendee
Kevin,Hudson,kevin.hudson@example.com,2025-04-10 09:06:12,2025-04-10 10:41:12,9876543210,Power Query in Excel,Jay Sudha,Co-Host
Cameron,Heath,cameron.heath@example.com,2025-04-10 09:05:40,2025-04-10 10:56:40,9876543210,Power Query in Excel,Jay Sudha,Co-Host
Kendra,Cruz,kendra.cruz@example.com,2025-04-10 09:20:40,2025-04-10 10:37:40,9876543210,Power Query in Excel,Jay Sudha,Attendee
Bryan,Davidson,bryan.davidson@example.com,2025-04-10 09:00:24,2025-04-10 10:59:24,9876543210,Power Query in Excel,Jay Sudha,Attendee
John,Blair,john.blair@example.com,2025-04-10 09:02:10,2025-04-10 10:48:10,9876543210,Power Query in Excel,Jay Sudha,Attendee
Brian,Johnson,brian.johnson@example.com,2025-04-10 09:05:42,2025-04-10 10:49:42,9876543210,Power Query in Excel,Jay Sudha,Attendee
Donald,Wu,donald.wu@example.com,2025-04-10 09:14:15,2025-04-10 10:52:15,9876543210,Power Query in Excel,Jay Sudha,Co-Host
Jennifer,Nunez,jennifer.nunez@example.com,2025-04-10 09:20:32,2025-04-10 10:46:32,9876543210,Power Query in Excel,Jay Sudha,Attendee
Lisa,Gomez,lisa.gomez@example.com,2025-04-10 09:01:17,2025-04-10 10:53:17,9876543210,Power Query in Excel,Jay Sudha,Attendee
Cheryl,Hughes,cheryl.hughes@example.com,2025-04-10 09:02:24,2025-04-10 10:25:24,9876543210,Power Query in Excel,Jay Sudha,Attendee
Craig,Osborne,craig.osborne@example.com,2025-04-10 09:01:36,2025-04-10 10:37:36,9876543210,Power Query in Excel,Jay Sudha,Attendee
Antonio,Williamson,antonio.williamson@example.com,2025-04-10 09:00:41,2025-04-10 10:38:41,9876543210,Power Query in Excel,Jay Sudha,Attendee
Mario,Graves,mario.graves@example.com,2025-04-10 09:21:30,2025-04-10 10:57:30,9876543210,Power Query in Excel,Jay Sudha,Attendee
James,Logan,james.logan@example.com,2025-04-10 09:23:39,2025-04-10 10:40:39,9876543210,Power Query in Excel,Jay Sudha,Attendee
Daniel,Brown,daniel.brown@example.com,2025-04-10 09:33:28,2025-04-10 10:58:28,9876543210,Power Query in Excel,Jay Sudha,Attendee
Tanner,Chen,tanner.chen@example.com,2025-04-10 09:05:58,2025-04-10 10:57:58,9876543210,Power Query in Excel,Jay Sudha,Attendee
Debra,Montes,debra.montes@example.com,2025-04-10 09:11:31,2025-04-10 10:51:31,9876543210,Power Query in Excel,Jay Sudha,Host
Kristina,Martinez,kristina.martinez@example.com,2025-04-10 09:20:13,2025-04-10 10:43:13,9876543210,Power Query in Excel,Jay Sudha,Attendee
Lauren,Stark,lauren.stark@example.com,2025-04-10 09:06:36,2025-04-10 10:51:36,9876543210,Power Query in Excel,Jay Sudha,Attendee
April,Floyd,april.floyd@example.com,2025-04-10 09:08:17,2025-04-10 10:26:17,9876543210,Power Query in Excel,Jay Sudha,Attendee
Benjamin,Myers,benjamin.myers@example.com,2025-04-10 09:03:13,2025-04-10 10:51:13,9876543210,Power Query in Excel,Jay Sudha,Attendee
Katherine,Gibson,katherine.gibson@example.com,2025-04-10 09:12:40,2025-04-10 10:46:40,9876543210,Power Query in Excel,Jay Sudha,Attendee
Charles,Williams,charles.williams@example.com,2025-04-10 09:21:34,2025-04-10 10:57:34,9876543210,Power Query in Excel,Jay Sudha,Attendee
Todd,Santana,todd.santana@example.com,2025-04-10 09:02:43,2025-04-10 10:23:43,9876543210,Power Query in Excel,Jay Sudha,Attendee
Elizabeth,Armstrong,elizabeth.armstrong@example.com,2025-04-10 09:08:52,2025-04-10 10:53:52,9876543210,Power Query in Excel,Jay Sudha,Attendee
Jerry,Frank,jerry.frank@example.com,2025-04-10 09:07:22,2025-04-10 10:43:22,9876543210,Power Query in Excel,Jay Sudha,Attendee
Holly,Fisher,holly.fisher@example.com,2025-04-10 09:34:17,2025-04-10 10:56:17,9876543210,Power Query in Excel,Jay Sudha,Attendee
Sonia,Thomas,sonia.thomas@example.com,2025-04-10 09:10:25,2025-04-10 10:52:25,9876543210,Power Query in Excel,Jay Sudha,Attendee
Robert,Miller,robert.miller@example.com,2025-04-10 09:19:19,2025-04-10 10:55:19,9876543210,Power Query in Excel,Jay Sudha,Attendee
Robert,Garcia,robert.garcia@example.com,2025-04-10 09:07:09,2025-04-10 10:31:09,9876543210,Power Query in Excel,Jay Sudha,Co-Host
Jessica,Johnson,jessica.johnson@example.com,2025-04-10 09:01:19,2025-04-10 10:56:19,9876543210,Power Query in Excel,Jay Sudha,Attendee
Ryan,Butler,ryan.butler@example.com,2025-04-10 09:03:48,2025-04-10 10:58:48,9876543210,Power Query in Excel,Jay Sudha,Attendee
Samantha,Rivers,samantha.rivers@example.com,2025-04-10 09:33:54,2025-04-10 10:53:54,9876543210,Power Query in Excel,Jay Sudha,Attendee
Johnny,Gomez,johnny.gomez@example.com,2025-04-10 09:24:39,2025-04-10 10:53:39,9876543210,Power Query in Excel,Jay Sudha,Attendee
Michael,Johnson,michael.johnson@example.com,2025-04-10 09:08:17,2025-04-10 10:23:17,9876543210,Power Query in Excel,Jay Sudha,Attendee
Gregory,Greer,gregory.greer@example.com,2025-04-10 09:05:56,2025-04-10 10:55:56,9876543210,Power Query in Excel,Jay Sudha,Attendee
Lori,Jones,lori.jones@example.com,2025-04-10 09:03:56,2025-04-10 10:46:56,9876543210,Power Query in Excel,Jay Sudha,Co-Host
Douglas,Smith,douglas.smith@example.com,2025-04-10 09:07:37,2025-04-10 10:59:37,9876543210,Power Query in Excel,Jay Sudha,Attendee
Emily,Mays,emily.mays@example.com,2025-04-10 09:22:29,2025-04-10 10:50:29,9876543210,Power Query in Excel,Jay Sudha,Attendee
Julie,Carter,julie.carter@example.com,2025-04-10 09:04:12,2025-04-10 10:42:12,9876543210,Power Query in Excel,Jay Sudha,Attendee
Angel,Jacobs,angel.jacobs@example.com,2025-04-10 09:23:32,2025-04-10 10:54:32,9876543210,Power Query in Excel,Jay Sudha,Attendee
Jacob,Rodriguez,jacob.rodriguez@example.com,2025-04-10 09:09:41,2025-04-10 10:34:41,9876543210,Power Query in Excel,Jay Sudha,Attendee
Jasmine,Scott,jasmine.scott@example.com,2025-04-10 09:11:45,2025-04-10 10:48:45,9876543210,Power Query in Excel,Jay Sudha,Attendee
Tammy,Cox,tammy.cox@example.com,2025-04-10 09:00:01,2025-04-10 10:59:01,9876543210,Power Query in Excel,Jay Sudha,Attendee
Susan,Phillips,susan.phillips@example.com,2025-04-10 09:08:04,2025-04-10 10:56:04,9876543210,Power Query in Excel,Jay Sudha,Attendee
Susan,Fields,susan.fields@example.com,2025-04-10 09:01:52,2025-04-10 10:59:52,9876543210,Power Query in Excel,Jay Sudha,Attendee
Brittany,Miller,brittany.miller@example.com,2025-04-10 09:03:08,2025-04-10 10:49:08,9876543210,Power Query in Excel,Jay Sudha,Attendee
Beverly,Moore,beverly.moore@example.com,2025-04-10 09:18:12,2025-04-10 10:46:12,9876543210,Power Query in Excel,Jay Sudha,Attendee
Dylan,Martinez,dylan.martinez@example.com,2025-04-10 09:30:38,2025-04-10 10:58:38,9876543210,Power Query in Excel,Jay Sudha,Attendee
Leslie,Sanchez,leslie.sanchez@example.com,2025-04-10 09:15:12,2025-04-10 10:36:12,9876543210,Power Query in Excel,Jay Sudha,Attendee
Kelly,Barnes,kelly.barnes@example.com,2025-04-10 09:06:16,2025-04-10 10:45:16,9876543210,Power Query in Excel,Jay Sudha,Attendee
Michelle,Burke,michelle.burke@example.com,2025-04-10 09:03:09,2025-04-10 10:27:09,9876543210,Power Query in Excel,Jay Sudha,Attendee
Christian,Jones,christian.jones@example.com,2025-04-10 09:03:21,2025-04-10 10:56:21,9876543210,Power Query in Excel,Jay Sudha,Host
Kevin,Butler,kevin.butler@example.com,2025-04-10 09:28:41,2025-04-10 10:52:41,9876543210,Power Query in Excel,Jay Sudha,Attendee
Brittany,Evans,brittany.evans@example.com,2025-04-10 09:01:12,2025-04-10 10:56:12,9876543210,Power Query in Excel,Jay Sudha,Attendee
Christopher,Wallace,christopher.wallace@example.com,2025-04-10 09:06:03,2025-04-10 10:54:03,9876543210,Power Query in Excel,Jay Sudha,Attendee
Dana,Rice,dana.rice@example.com,2025-04-10 09:12:36,2025-04-10 10:47:36,9876543210,Power Query in Excel,Jay Sudha,Attendee
Ricky,Butler,ricky.butler@example.com,2025-04-10 09:06:25,2025-04-10 10:52:25,9876543210,Power Query in Excel,Jay Sudha,Attendee
Rachel,Alexander,rachel.alexander@example.com,2025-04-10 09:24:51,2025-04-10 10:51:51,9876543210,Power Query in Excel,Jay Sudha,Attendee
Kelly,Ruiz,kelly.ruiz@example.com,2025-04-10 09:12:41,2025-04-10 10:41:41,9876543210,Power Query in Excel,Jay Sudha,Attendee
Laura,Hill,laura.hill@example.com,2025-04-10 09:00:00,2025-04-10 11:00:00,9876543210,Power Query in Excel,Jay Sudha,Host
Catherine,Moore,catherine.moore@example.com,2025-04-10 09:19:03,2025-04-10 10:54:03,9876543210,Power Query in Excel,Jay Sudha,Attendee
Sarah,Lopez,sarah.lopez@example.com,2025-04-10 09:30:27,2025-04-10 10:47:27,9876543210,Power Query in Excel,Jay Sudha,Attendee
Ryan,Wright,ryan.wright@example.com,2025-04-10 09:14:23,2025-04-10 10:45:23,9876543210,Power Query in Excel,Jay Sudha,Attendee
Matthew,Mills,matthew.mills@example.com,2025-04-10 09:30:57,2025-04-10 10:54:57,9876543210,Power Query in Excel,Jay Sudha,Attendee
Steven,Walsh,steven.walsh@example.com,2025-04-10 09:03:01,2025-04-10 10:55:01,9876543210,Power Query in Excel,Jay Sudha,Attendee
Kari,Phillips,kari.phillips@example.com,2025-04-10 09:00:00,2025-04-10 11:00:00,9876543210,Power Query in Excel,Jay Sudha,Attendee
Christine,Smith,christine.smith@example.com,2025-04-10 09:30:39,2025-04-10 10:49:39,9876543210,Power Query in Excel,Jay Sudha,Attendee
Danny,Irwin,danny.irwin@example.com,2025-04-10 09:05:05,2025-04-10 10:53:05,9876543210,Power Query in Excel,Jay Sudha,Co-Host
Amy,Moore,amy.moore@example.com,2025-04-10 09:20:33,2025-04-10 10:37:33,9876543210,Power Query in Excel,Jay Sudha,Attendee
Christopher,Jimenez,christopher.jimenez@example.com,2025-04-10 09:32:10,2025-04-10 10:55:10,9876543210,Power Query in Excel,Jay Sudha,Attendee
Amy,Sullivan,amy.sullivan@example.com,2025-04-10 09:15:51,2025-04-10 10:30:51,9876543210,Power Query in Excel,Jay Sudha,Attendee
Tracey,Martinez,tracey.martinez@example.com,2025-04-10 09:10:47,2025-04-10 10:53:47,9876543210,Power Query in Excel,Jay Sudha,Attendee
Aaron,Ross,aaron.ross@example.com,2025-04-10 09:02:46,2025-04-10 10:27:46,9876543210,Power Query in Excel,Jay Sudha,Attendee
Bonnie,Foster,bonnie.foster@example.com,2025-04-10 09:03:47,2025-04-10 10:59:47,9876543210,Power Query in Excel,Jay Sudha,Attendee
Julie,Gomez,julie.gomez@example.com,2025-04-10 09:03:28,2025-04-10 10:41:28,9876543210,Power Query in Excel,Jay Sudha,Attendee
Regina,Larson,regina.larson@example.com,2025-04-10 09:11:28,2025-04-10 10:59:28,9876543210,Power Query in Excel,Jay Sudha,Attendee
Chad,Baker,chad.baker@example.com,2025-04-10 09:00:36,2025-04-10 10:51:36,9876543210,Power Query in Excel,Jay Sudha,Attendee
Matthew,Moreno,matthew.moreno@example.com,2025-04-10 09:09:06,2025-04-10 10:57:06,9876543210,Power Query in Excel,Jay Sudha,Attendee
Pamela,Gill,pamela.gill@example.com,2025-04-10 09:17:00,2025-04-10 10:36:00,9876543210,Power Query in Excel,Jay Sudha,Attendee
Robert,Roberts,robert.roberts@example.com,2025-04-10 09:02:19,2025-04-10 10:30:19,9876543210,Power Query in Excel,Jay Sudha,Attendee
Dennis,Mills,dennis.mills@example.com,2025-04-10 09:04:26,2025-04-10 10:57:26,9876543210,Power Query in Excel,Jay Sudha,Attendee
Amanda,Jenkins,amanda.jenkins@example.com,2025-04-10 09:03:35,2025-04-10 10:48:35,9876543210,Power Query in Excel,Jay Sudha,Attendee
Richard,Osborne,richard.osborne@example.com,2025-04-10 09:18:33,2025-04-10 10:57:33,9876543210,Power Query in Excel,Jay Sudha,Attendee
Joshua,Ramos,joshua.ramos@example.com,2025-04-10 09:26:54,2025-04-10 10:55:54,9876543210,Power Query in Excel,Jay Sudha,Co-Host
Courtney,Moore,courtney.moore@example.com,2025-04-10 09:38:47,2025-04-10 10:54:47,9876543210,Power Query in Excel,Jay Sudha,Attendee
Patrick,Garza,patrick.garza@example.com,2025-04-10 09:08:13,2025-04-10 10:23:13,9876543210,Power Query in Excel,Jay Sudha,Attendee
Anita,Evans,anita.evans@example.com,2025-04-10 09:04:45,2025-04-10 10:38:45,9876543210,Power Query in Excel,Jay Sudha,Attendee
Thomas,Perry,thomas.perry@example.com,2025-04-10 09:21:34,2025-04-10 10:52:34,9876543210,Power Query in Excel,Jay Sudha,Attendee
Tracy,Mason,tracy.mason@example.com,2025-04-10 09:08:08,2025-04-10 10:54:08,9876543210,Power Query in Excel,Jay Sudha,Co-Host
Denise,Brown,denise.brown@example.com,2025-04-10 09:16:49,2025-04-10 10:50:49,9876543210,Power Query in Excel,Jay Sudha,Attendee
Douglas,Simpson,douglas.simpson@example.com,2025-04-10 09:10:14,2025-04-10 10:49:14,9876543210,Power Query in Excel,Jay Sudha,Attendee
Anthony,Ruiz,anthony.ruiz@example.com,2025-04-10 09:14:43,2025-04-10 10:32:43,9876543210,Power Query in Excel,Jay Sudha,Attendee
Meghan,Werner,meghan.werner@example.com,2025-04-10 09:00:41,2025-04-10 10:23:41,9876543210,Power Query in Excel,Jay Sudha,Attendee
Michelle,Parks,michelle.parks@example.com,2025-04-10 09:23:26,2025-04-10 10:59:26,9876543210,Power Query in Excel,Jay Sudha,Attendee
Adam,Williams,adam.williams@example.com,2025-04-10 09:26:58,2025-04-10 10:43:58,9876543210,Power Query in Excel,Jay Sudha,Attendee
Yvonne,Marks,yvonne.marks@example.com,2025-04-10 09:00:15,2025-04-10 10:24:15,9876543210,Power Query in Excel,Jay Sudha,Attendee
Kelly,Lester,kelly.lester@example.com,2025-04-10 09:05:58,2025-04-10 10:58:58,9876543210,Power Query in Excel,Jay Sudha,Attendee
Karen,Roberts,karen.roberts@example.com,2025-04-10 09:00:18,2025-04-10 10:58:18,9876543210,Power Query in Excel,Jay Sudha,Attendee
Ryan,Moran,ryan.moran@example.com,2025-04-10 09:03:35,2025-04-10 10:40:35,9876543210,Power Query in Excel,Jay Sudha,Attendee
Gary,Fisher,gary.fisher@example.com,2025-04-10 09:03:16,2025-04-10 10:57:16,9876543210,Power Query in Excel,Jay Sudha,Attendee
Grace,Hernandez,grace.hernandez@example.com,2025-04-10 09:15:18,2025-04-10 10:59:18,9876543210,Power Query in Excel,Jay Sudha,Attendee
Dylan,Stewart,dylan.stewart@example.com,2025-04-10 09:12:05,2025-04-10 10:57:05,9876543210,Power Query in Excel,Jay Sudha,Attendee
Renee,Wallace,renee.wallace@example.com,2025-04-10 09:14:15,2025-04-10 10:30:15,9876543210,Power Query in Excel,Jay Sudha,Attendee
Ronald,Vasquez,ronald.vasquez@example.com,2025-04-10 09:03:19,2025-04-10 10:57:19,9876543210,Power Query in Excel,Jay Sudha,Attendee
Jeffrey,Gonzalez,jeffrey.gonzalez@example.com,2025-04-10 09:24:54,2025-04-10 10:59:54,9876543210,Power Query in Excel,Jay Sudha,Attendee
Brenda,Williams,brenda.williams@example.com,2025-04-10 09:03:29,2025-04-10 10:53:29,9876543210,Power Query in Excel,Jay Sudha,Attendee
Arthur,Schultz,arthur.schultz@example.com,2025-04-10 09:13:15,2025-04-10 10:40:15,9876543210,Power Query in Excel,Jay Sudha,Attendee
Michael,Paul,michael.paul@example.com,2025-04-10 09:03:11,2025-04-10 10:49:11,9876543210,Power Query in Excel,Jay Sudha,Attendee
Jesse,Evans,jesse.evans@example.com,2025-04-10 09:11:50,2025-04-10 10:29:50,9876543210,Power Query in Excel,Jay Sudha,Attendee
Janet,Hunt,janet.hunt@example.com,2025-04-10 09:01:28,2025-04-10 10:45:28,9876543210,Power Query in Excel,Jay Sudha,Attendee
Kelsey,Andrade,kelsey.andrade@example.com,2025-04-10 09:09:42,2025-04-10 10:45:42,9876543210,Power Query in Excel,Jay Sudha,Attendee
Stephen,Welch,stephen.welch@example.com,2025-04-10 09:00:52,2025-04-10 10:58:52,9876543210,Power Query in Excel,Jay Sudha,Attendee
Elizabeth,Wong,elizabeth.wong@example.com,2025-04-10 09:17:37,2025-04-10 10:50:37,9876543210,Power Query in Excel,Jay Sudha,Attendee
Bianca,Henry,bianca.henry@example.com,2025-04-10 09:29:23,2025-04-10 10:52:23,9876543210,Power Query in Excel,Jay Sudha,Host
Jason,Adams,jason.adams@example.com,2025-04-10 09:16:14,2025-04-10 10:55:14,9876543210,Power Query in Excel,Jay Sudha,Attendee
Brian,Bailey,brian.bailey@example.com,2025-04-10 09:00:05,2025-04-10 10:58:05,9876543210,Power Query in Excel,Jay Sudha,Host
Diamond,Taylor,diamond.taylor@example.com,2025-04-10 09:19:47,2025-04-10 10:41:47,9876543210,Power Query in Excel,Jay Sudha,Attendee
Ronald,Walker,ronald.walker@example.com,2025-04-10 09:26:51,2025-04-10 10:53:51,9876543210,Power Query in Excel,Jay Sudha,Attendee
Angela,Walker,angela.walker@example.com,2025-04-10 09:13:32,2025-04-10 10:53:32,9876543210,Power Query in Excel,Jay Sudha,Attendee
Matthew,Garcia,matthew.garcia@example.com,2025-04-10 09:06:34,2025-04-10 10:33:34,9876543210,Power Query in Excel,Jay Sudha,Attendee
Laura,Morris,laura.morris@example.com,2025-04-10 09:00:43,2025-04-10 10:55:43,9876543210,Power Query in Excel,Jay Sudha,Attendee
Patricia,Scott,patricia.scott@example.com,2025-04-10 09:31:06,2025-04-10 10:48:06,9876543210,Power Query in Excel,Jay Sudha,Co-Host
Bradley,Wood,bradley.wood@example.com,2025-04-10 09:35:38,2025-04-10 10:52:38,9876543210,Power Query in Excel,Jay Sudha,Attendee
Molly,Reed,molly.reed@example.com,2025-04-10 09:14:18,2025-04-10 10:30:18,9876543210,Power Query in Excel,Jay Sudha,Co-Host
John,Daniel,john.daniel@example.com,2025-04-10 09:00:51,2025-04-10 10:57:51,9876543210,Power Query in Excel,Jay Sudha,Attendee
Larry,Heath,larry.heath@example.com,2025-04-10 09:10:17,2025-04-10 10:38:17,9876543210,Power Query in Excel,Jay Sudha,Attendee
Timothy,Wiggins,timothy.wiggins@example.com,2025-04-10 09:02:10,2025-04-10 10:57:10,9876543210,Power Query in Excel,Jay Sudha,Attendee
Bradley,Villa,bradley.villa@example.com,2025-04-10 09:00:15,2025-04-10 10:59:15,9876543210,Power Query in Excel,Jay Sudha,Attendee
Albert,Simpson,albert.simpson@example.com,2025-04-10 09:01:14,2025-04-10 10:48:14,9876543210,Power Query in Excel,Jay Sudha,Attendee
Brandon,Lamb,brandon.lamb@example.com,2025-04-10 09:29:54,2025-04-10 10:51:54,9876543210,Power Query in Excel,Jay Sudha,Attendee
Steven,Wilson,steven.wilson@example.com,2025-04-10 09:08:25,2025-04-10 10:59:25,9876543210,Power Query in Excel,Jay Sudha,Attendee
John,Mckenzie,john.mckenzie@example.com,2025-04-10 09:05:33,2025-04-10 10:25:33,9876543210,Power Query in Excel,Jay Sudha,Co-Host
Robert,Calhoun,robert.calhoun@example.com,2025-04-10 09:05:14,2025-04-10 10:46:14,9876543210,Power Query in Excel,Jay Sudha,Attendee
Cheyenne,Meyers,cheyenne.meyers@example.com,2025-04-10 09:15:02,2025-04-10 10:56:02,9876543210,Power Query in Excel,Jay Sudha,Attendee
Kari,Calderon,kari.calderon@example.com,2025-04-10 09:38:09,2025-04-10 10:54:09,9876543210,Power Query in Excel,Jay Sudha,Attendee
Susan,Wright,susan.wright@example.com,2025-04-10 09:01:20,2025-04-10 10:43:20,9876543210,Power Query in Excel,Jay Sudha,Attendee
David,Pitts,david.pitts@example.com,2025-04-10 09:15:01,2025-04-10 10:31:01,9876543210,Power Query in Excel,Jay Sudha,Attendee
Luis,Graham,luis.graham@example.com,2025-04-10 09:12:01,2025-04-10 10:47:01,9876543210,Power Query in Excel,Jay Sudha,Attendee
Rachel,Bishop,rachel.bishop@example.com,2025-04-10 09:38:01,2025-04-10 10:58:01,9876543210,Power Query in Excel,Jay Sudha,Attendee
Jennifer,Waters,jennifer.waters@example.com,2025-04-10 09:13:44,2025-04-10 10:35:44,9876543210,Power Query in Excel,Jay Sudha,Attendee
Cassandra,Herrera,cassandra.herrera@example.com,2025-04-10 09:35:05,2025-04-10 10:51:05,9876543210,Power Query in Excel,Jay Sudha,Attendee
Joseph,Smith,joseph.smith@example.com,2025-04-10 09:08:54,2025-04-10 10:34:54,9876543210,Power Query in Excel,Jay Sudha,Attendee
Kristen,Garcia,kristen.garcia@example.com,2025-04-10 09:20:59,2025-04-10 10:49:59,9876543210,Power Query in Excel,Jay Sudha,Attendee
John,Mitchell,john.mitchell@example.com,2025-04-10 09:28:18,2025-04-10 10:47:18,9876543210,Power Query in Excel,Jay Sudha,Attendee
Judy,Robertson,judy.robertson@example.com,2025-04-10 09:00:26,2025-04-10 10:24:26,9876543210,Power Query in Excel,Jay Sudha,Attendee
Brandon,Cruz,brandon.cruz@example.com,2025-04-10 09:29:19,2025-04-10 10:57:19,9876543210,Power Query in Excel,Jay Sudha,Attendee
David,Mclaughlin,david.mclaughlin@example.com,2025-04-10 09:18:36,2025-04-10 10:40:36,9876543210,Power Query in Excel,Jay Sudha,Attendee
Jerome,Moran,jerome.moran@example.com,2025-04-10 09:12:15,2025-04-10 10:45:15,9876543210,Power Query in Excel,Jay Sudha,Attendee
Donna,Walker,donna.walker@example.com,2025-04-10 09:37:19,2025-04-10 10:53:19,9876543210,Power Query in Excel,Jay Sudha,Co-Host
Rachel,Brown,rachel.brown@example.com,2025-04-10 09:28:23,2025-04-10 10:57:23,9876543210,Power Query in Excel,Jay Sudha,Co-Host
Emily,Hall,emily.hall@example.com,2025-04-10 09:10:29,2025-04-10 10:36:29,9876543210,Power Query in Excel,Jay Sudha,Attendee
Timothy,Perkins,timothy.perkins@example.com,2025-04-10 09:10:43,2025-04-10 10:55:43,9876543210,Power Query in Excel,Jay Sudha,Attendee
Lisa,Tran,lisa.tran@example.com,2025-04-10 09:04:41,2025-04-10 10:35:41,9876543210,Power Query in Excel,Jay Sudha,Attendee
Michael,Walters,michael.walters@example.com,2025-04-10 09:11:11,2025-04-10 10:39:11,9876543210,Power Query in Excel,Jay Sudha,Attendee
David,Foster,david.foster@example.com,2025-04-10 09:13:51,2025-04-10 10:58:51,9876543210,Power Query in Excel,Jay Sudha,Host
William,Jones,william.jones@example.com,2025-04-10 09:06:02,2025-04-10 10:39:02,9876543210,Power Query in Excel,Jay Sudha,Co-Host
Kimberly,Hampton,kimberly.hampton@example.com,2025-04-10 09:03:31,2025-04-10 10:53:31,9876543210,Power Query in Excel,Jay Sudha,Attendee
Katrina,Costa,katrina.costa@example.com,2025-04-10 09:19:26,2025-04-10 10:45:26,9876543210,Power Query in Excel,Jay Sudha,Attendee
Jessica,Cabrera,jessica.cabrera@example.com,2025-04-10 09:16:03,2025-04-10 10:36:03,9876543210,Power Query in Excel,Jay Sudha,Attendee
Patrick,Franklin,patrick.franklin@example.com,2025-04-10 09:06:29,2025-04-10 10:58:29,9876543210,Power Query in Excel,Jay Sudha,Attendee
Cristina,Lester,cristina.lester@example.com,2025-04-10 09:04:31,2025-04-10 10:43:31,9876543210,Power Query in Excel,Jay Sudha,Co-Host
Christina,Johnson,christina.johnson@example.com,2025-04-10 09:07:22,2025-04-10 10:30:22,9876543210,Power Query in Excel,Jay Sudha,Attendee
Michael,Bryant,michael.bryant@example.com,2025-04-10 09:20:20,2025-04-10 10:55:20,9876543210,Power Query in Excel,Jay Sudha,Attendee
Susan,Peters,susan.peters@example.com,2025-04-10 09:00:25,2025-04-10 10:30:25,9876543210,Power Query in Excel,Jay Sudha,Attendee
Donna,Simpson,donna.simpson@example.com,2025-04-10 09:05:33,2025-04-10 10:38:33,9876543210,Power Query in Excel,Jay Sudha,Attendee
Amy,Padilla,amy.padilla@example.com,2025-04-10 09:02:03,2025-04-10 10:59:03,9876543210,Power Query in Excel,Jay Sudha,Attendee
Jonathon,Munoz,jonathon.munoz@example.com,2025-04-10 09:05:22,2025-04-10 10:28:22,9876543210,Power Query in Excel,Jay Sudha,Attendee
Lorraine,Floyd,lorraine.floyd@example.com,2025-04-10 09:06:31,2025-04-10 10:46:31,9876543210,Power Query in Excel,Jay Sudha,Attendee
Sherry,Clark,sherry.clark@example.com,2025-04-10 09:26:13,2025-04-10 10:45:13,9876543210,Power Query in Excel,Jay Sudha,Attendee
Jessica,Nixon,jessica.nixon@example.com,2025-04-10 09:10:45,2025-04-10 10:44:45,9876543210,Power Query in Excel,Jay Sudha,Attendee
Michelle,Barnett,michelle.barnett@example.com,2025-04-10 09:23:25,2025-04-10 10:47:25,9876543210,Power Query in Excel,Jay Sudha,Attendee
Diane,Green,diane.green@example.com,2025-04-10 09:22:31,2025-04-10 10:56:31,9876543210,Power Query in Excel,Jay Sudha,Attendee
Kevin,Kelly,kevin.kelly@example.com,2025-04-10 09:11:04,2025-04-10 10:31:04,9876543210,Power Query in Excel,Jay Sudha,Attendee
Brian,Mccoy,brian.mccoy@example.com,2025-04-10 09:04:36,2025-04-10 10:59:36,9876543210,Power Query in Excel,Jay Sudha,Attendee
Andrew,Burton,andrew.burton@example.com,2025-04-10 09:06:01,2025-04-10 10:54:01,9876543210,Power Query in Excel,Jay Sudha,Attendee
John,Smith,john.smith@example.com,2025-04-10 09:00:50,2025-04-10 10:41:50,9876543210,Power Query in Excel,Jay Sudha,Attendee
Mark,Nicholson,mark.nicholson@example.com,2025-04-10 09:22:19,2025-04-10 10:57:19,9876543210,Power Query in Excel,Jay Sudha,Attendee
Teresa,Henderson,teresa.henderson@example.com,2025-04-10 09:11:46,2025-04-10 10:49:46,9876543210,Power Query in Excel,Jay Sudha,Attendee
Shane,Thomas,shane.thomas@example.com,2025-04-10 09:03:41,2025-04-10 10:48:41,9876543210,Power Query in Excel,Jay Sudha,Attendee
Gregory,Murphy,gregory.murphy@example.com,2025-04-10 09:10:38,2025-04-10 10:36:38,9876543210,Power Query in Excel,Jay Sudha,Attendee
Julie,Reyes,julie.reyes@example.com,2025-04-10 09:26:48,2025-04-10 10:58:48,9876543210,Power Query in Excel,Jay Sudha,Attendee
Patricia,Ferguson,patricia.ferguson@example.com,2025-04-10 09:03:29,2025-04-10 10:56:29,9876543210,Power Query in Excel,Jay Sudha,Attendee
Jill,Parks,jill.parks@example.com,2025-04-10 09:00:51,2025-04-10 10:59:51,9876543210,Power Query in Excel,Jay Sudha,Attendee
Katherine,Cunningham,katherine.cunningham@example.com,2025-04-10 09:15:47,2025-04-10 10:55:47,9876543210,Power Query in Excel,Jay Sudha,Attendee
Robert,Myers,robert.myers@example.com,2025-04-10 09:04:11,2025-04-10 10:45:11,9876543210,Power Query in Excel,Jay Sudha,Attendee
Vincent,Howell,vincent.howell@example.com,2025-04-10 09:00:06,2025-04-10 10:30:06,9876543210,Power Query in Excel,Jay Sudha,Host
Willie,Oconnor,willie.oconnor@example.com,2025-04-10 09:22:35,2025-04-10 10:58:35,9876543210,Power Query in Excel,Jay Sudha,Co-Host
Christopher,Young,christopher.young@example.com,2025-04-10 09:10:06,2025-04-10 10:34:06,9876543210,Power Query in Excel,Jay Sudha,Attendee
John,Johnson,john.johnson@example.com,2025-04-10 09:01:30,2025-04-10 10:56:30,9876543210,Power Query in Excel,Jay Sudha,Attendee
Paula,Newton,paula.newton@example.com,2025-04-10 09:13:45,2025-04-10 10:58:45,9876543210,Power Query in Excel,Jay Sudha,Attendee
Anna,Robbins,anna.robbins@example.com,2025-04-10 09:23:20,2025-04-10 10:56:20,9876543210,Power Query in Excel,Jay Sudha,Attendee
Sara,Harper,sara.harper@example.com,2025-04-10 09:00:27,2025-04-10 10:59:27,9876543210,Power Query in Excel,Jay Sudha,Attendee
Courtney,Mckinney,courtney.mckinney@example.com,2025-04-10 09:10:35,2025-04-10 10:54:35,9876543210,Power Query in Excel,Jay Sudha,Attendee
Carolyn,King,carolyn.king@example.com,2025-04-10 09:20:59,2025-04-10 10:54:59,9876543210,Power Query in Excel,Jay Sudha,Attendee
Anthony,Randolph,anthony.randolph@example.com,2025-04-10 09:03:12,2025-04-10 10:58:12,9876543210,Power Query in Excel,Jay Sudha,Attendee
Tyler,Howard,tyler.howard@example.com,2025-04-10 09:00:18,2025-04-10 10:53:18,9876543210,Power Query in Excel,Jay Sudha,Attendee
Stephen,Romero,stephen.romero@example.com,2025-04-10 09:00:00,2025-04-10 11:00:00,9876543210,Power Query in Excel,Jay Sudha,Attendee
Jill,Sullivan,jill.sullivan@example.com,2025-04-10 09:11:04,2025-04-10 10:31:04,9876543210,Power Query in Excel,Jay Sudha,Attendee
Linda,Blackburn,linda.blackburn@example.com,2025-04-10 09:09:12,2025-04-10 10:38:12,9876543210,Power Query in Excel,Jay Sudha,Attendee
Lance,Lester,lance.lester@example.com,2025-04-10 09:00:30,2025-04-10 10:40:30,9876543210,Power Query in Excel,Jay Sudha,Attendee
Taylor,Johnson,taylor.johnson@example.com,2025-04-10 09:37:34,2025-04-10 10:53:34,9876543210,Power Query in Excel,Jay Sudha,Attendee
Ashley,Baker,ashley.baker@example.com,2025-04-10 09:02:16,2025-04-10 10:59:16,9876543210,Power Query in Excel,Jay Sudha,Attendee
Benjamin,Foster,benjamin.foster@example.com,2025-04-10 09:23:26,2025-04-10 10:54:26,9876543210,Power Query in Excel,Jay Sudha,Attendee
Richard,Crawford,richard.crawford@example.com,2025-04-10 09:01:01,2025-04-10 10:53:01,9876543210,Power Query in Excel,Jay Sudha,Attendee
Joshua,Forbes,joshua.forbes@example.com,2025-04-10 09:00:21,2025-04-10 10:43:21,9876543210,Power Query in Excel,Jay Sudha,Attendee
Erin,Perkins,erin.perkins@example.com,2025-04-10 09:08:40,2025-04-10 10:39:40,9876543210,Power Query in Excel,Jay Sudha,Attendee
Sarah,Cooley,sarah.cooley@example.com,2025-04-10 09:01:39,2025-04-10 10:59:39,9876543210,Power Query in Excel,Jay Sudha,Co-Host
Jamie,Moreno,jamie.moreno@example.com,2025-04-10 09:06:30,2025-04-10 10:59:30,9876543210,Power Query in Excel,Jay Sudha,Attendee
Paul,Flowers,paul.flowers@example.com,2025-04-10 09:23:13,2025-04-10 10:42:13,9876543210,Power Query in Excel,Jay Sudha,Attendee
Jason,Knight,jason.knight@example.com,2025-04-10 09:08:33,2025-04-10 10:42:33,9876543210,Power Query in Excel,Jay Sudha,Attendee
Linda,Hahn,linda.hahn@example.com,2025-04-10 09:22:29,2025-04-10 10:44:29,9876543210,Power Query in Excel,Jay Sudha,Attendee
Brenda,Cortez,brenda.cortez@example.com,2025-04-10 09:08:16,2025-04-10 10:38:16,9876543210,Power Query in Excel,Jay Sudha,Co-Host
Francisco,Parrish,francisco.parrish@example.com,2025-04-10 09:24:07,2025-04-10 10:49:07,9876543210,Power Query in Excel,Jay Sudha,Attendee
Mark,Burgess,mark.burgess@example.com,2025-04-10 09:05:13,2025-04-10 10:38:13,9876543210,Power Query in Excel,Jay Sudha,Attendee
Brenda,Williams,brenda.williams@example.com,2025-04-10 09:00:37,2025-04-10 10:23:37,9876543210,Power Query in Excel,Jay Sudha,Attendee
Stephanie,Cox,stephanie.cox@example.com,2025-04-10 09:01:19,2025-04-10 10:56:19,9876543210,Power Query in Excel,Jay Sudha,Attendee
Marcus,Patton,marcus.patton@example.com,2025-04-10 09:20:01,2025-04-10 10:41:01,9876543210,Power Query in Excel,Jay Sudha,Attendee
Vanessa,Smith,vanessa.smith@example.com,2025-04-10 09:03:40,2025-04-10 10:58:40,9876543210,Power Query in Excel,Jay Sudha,Attendee
Ashley,Ramos,ashley.ramos@example.com,2025-04-10 09:04:48,2025-04-10 10:36:48,9876543210,Power Query in Excel,Jay Sudha,Attendee
Sarah,Fry,sarah.fry@example.com,2025-04-10 09:11:39,2025-04-10 10:49:39,9876543210,Power Query in Excel,Jay Sudha,Attendee
Renee,Beck,renee.beck@example.com,2025-04-10 09:32:47,2025-04-10 10:55:47,9876543210,Power Query in Excel,Jay Sudha,Attendee
Kimberly,Burgess,kimberly.burgess@example.com,2025-04-10 09:00:42,2025-04-10 10:59:42,9876543210,Power Query in Excel,Jay Sudha,Attendee
Chad,Boyle,chad.boyle@example.com,2025-04-10 09:06:24,2025-04-10 10:46:24,9876543210,Power Query in Excel,Jay Sudha,Attendee
Stephanie,Thompson,stephanie.thompson@example.com,2025-04-10 09:19:01,2025-04-10 10:42:01,9876543210,Power Query in Excel,Jay Sudha,Attendee
Bryan,Fowler,bryan.fowler@example.com,2025-04-10 09:05:47,2025-04-10 10:39:47,9876543210,Power Query in Excel,Jay Sudha,Attendee
Daniel,Gordon,daniel.gordon@example.com,2025-04-10 09:09:53,2025-04-10 10:54:53,9876543210,Power Query in Excel,Jay Sudha,Attendee
Amy,Cruz,amy.cruz@example.com,2025-04-10 09:27:11,2025-04-10 10:55:11,9876543210,Power Query in Excel,Jay Sudha,Attendee
Joseph,Mitchell,joseph.mitchell@example.com,2025-04-10 09:00:27,2025-04-10 10:59:27,9876543210,Power Query in Excel,Jay Sudha,Attendee
Kimberly,Weiss,kimberly.weiss@example.com,2025-04-10 09:07:18,2025-04-10 10:53:18,9876543210,Power Query in Excel,Jay Sudha,Attendee
Sophia,Medina,sophia.medina@example.com,2025-04-10 09:19:08,2025-04-10 10:37:08,9876543210,Power Query in Excel,Jay Sudha,Attendee
Veronica,Lee,veronica.lee@example.com,2025-04-10 09:21:42,2025-04-10 10:45:42,9876543210,Power Query in Excel,Jay Sudha,Attendee
Latasha,Kirk,latasha.kirk@example.com,2025-04-10 09:29:28,2025-04-10 10:47:28,9876543210,Power Query in Excel,Jay Sudha,Co-Host
William,Mueller,william.mueller@example.com,2025-04-10 09:25:36,2025-04-10 10:53:36,9876543210,Power Query in Excel,Jay Sudha,Attendee
Sandra,Elliott,sandra.elliott@example.com,2025-04-10 09:11:58,2025-04-10 10:56:58,9876543210,Power Query in Excel,Jay Sudha,Attendee
Steven,Johnson,steven.johnson@example.com,2025-04-10 09:24:38,2025-04-10 10:39:38,9876543210,Power Query in Excel,Jay Sudha,Attendee
Dana,Lindsey,dana.lindsey@example.com,2025-04-10 09:28:06,2025-04-10 10:47:06,9876543210,Power Query in Excel,Jay Sudha,Attendee
Rachel,Cox,rachel.cox@example.com,2025-04-10 09:15:35,2025-04-10 10:35:35,9876543210,Power Query in Excel,Jay Sudha,Attendee
Erin,Mccoy,erin.mccoy@example.com,2025-04-10 09:00:40,2025-04-10 10:57:40,9876543210,Power Query in Excel,Jay Sudha,Attendee
Isabel,Smith,isabel.smith@example.com,2025-04-10 09:21:25,2025-04-10 10:59:25,9876543210,Power Query in Excel,Jay Sudha,Attendee
Ashley,Allen,ashley.allen@example.com,2025-04-10 09:02:07,2025-04-10 10:56:07,9876543210,Power Query in Excel,Jay Sudha,Attendee
Sierra,House,sierra.house@example.com,2025-04-10 09:06:19,2025-04-10 10:38:19,9876543210,Power Query in Excel,Jay Sudha,Co-Host
Ashley,Young,ashley.young@example.com,2025-04-10 09:00:04,2025-04-10 10:59:04,9876543210,Power Query in Excel,Jay Sudha,Attendee
Shannon,Hicks,shannon.hicks@example.com,2025-04-10 09:24:21,2025-04-10 10:53:21,9876543210,Power Query in Excel,Jay Sudha,Attendee
Susan,Martin,susan.martin@example.com,2025-04-10 09:01:42,2025-04-10 10:52:42,9876543210,Power Query in Excel,Jay Sudha,Attendee
Sarah,Walters,sarah.walters@example.com,2025-04-10 09:04:27,2025-04-10 10:25:27,9876543210,Power Query in Excel,Jay Sudha,Attendee
Johnny,Macias,johnny.macias@example.com,2025-04-10 09:00:00,2025-04-10 11:00:00,9876543210,Power Query in Excel,Jay Sudha,Attendee
Chelsea,Davis,chelsea.davis@example.com,2025-04-10 09:24:18,2025-04-10 10:49:18,9876543210,Power Query in Excel,Jay Sudha,Attendee
Travis,Farmer,travis.farmer@example.com,2025-04-10 09:00:07,2025-04-10 10:56:07,9876543210,Power Query in Excel,Jay Sudha,Co-Host
Kathryn,Hughes,kathryn.hughes@example.com,2025-04-10 09:06:55,2025-04-10 10:48:55,9876543210,Power Query in Excel,Jay Sudha,Attendee
Heidi,Carson,heidi.carson@example.com,2025-04-10 09:00:00,2025-04-10 11:00:00,9876543210,Power Query in Excel,Jay Sudha,Attendee
Steven,Gallegos,steven.gallegos@example.com,2025-04-10 09:19:53,2025-04-10 10:54:53,9876543210,Power Query in Excel,Jay Sudha,Attendee
Anne,Ramirez,anne.ramirez@example.com,2025-04-10 09:04:19,2025-04-10 10:30:19,9876543210,Power Query in Excel,Jay Sudha,Attendee
Raymond,Mccall,raymond.mccall@example.com,2025-04-10 09:00:49,2025-04-10 10:39:49,9876543210,Power Query in Excel,Jay Sudha,Attendee
Bob,Knight,bob.knight@example.com,2025-04-10 09:02:18,2025-04-10 10:48:18,9876543210,Power Query in Excel,Jay Sudha,Attendee
Michael,Jones,michael.jones@example.com,2025-04-10 09:11:51,2025-04-10 10:40:51,9876543210,Power Query in Excel,Jay Sudha,Attendee
Daniel,Fernandez,daniel.fernandez@example.com,2025-04-10 09:12:14,2025-04-10 10:55:14,9876543210,Power Query in Excel,Jay Sudha,Co-Host
Leonard,Skinner,leonard.skinner@example.com,2025-04-10 09:00:22,2025-04-10 10:52:22,9876543210,Power Query in Excel,Jay Sudha,Attendee
Leroy,Whitehead,leroy.whitehead@example.com,2025-04-10 09:00:51,2025-04-10 10:39:51,9876543210,Power Query in Excel,Jay Sudha,Attendee
Richard,Thomas,richard.thomas@example.com,2025-04-10 09:02:20,2025-04-10 10:57:20,9876543210,Power Query in Excel,Jay Sudha,Attendee
Richard,Torres,richard.torres@example.com,2025-04-10 09:05:02,2025-04-10 10:31:02,9876543210,Power Query in Excel,Jay Sudha,Attendee
Frank,Orozco,frank.orozco@example.com,2025-04-10 09:00:30,2025-04-10 10:55:30,9876543210,Power Query in Excel,Jay Sudha,Attendee
Janet,Moran,janet.moran@example.com,2025-04-10 09:16:24,2025-04-10 10:45:24,9876543210,Power Query in Excel,Jay Sudha,Attendee
Jessica,Stone,jessica.stone@example.com,2025-04-10 09:00:23,2025-04-10 10:54:23,9876543210,Power Query in Excel,Jay Sudha,Attendee
Hayley,Terry,hayley.terry@example.com,2025-04-10 09:09:28,2025-04-10 10:56:28,9876543210,Power Query in Excel,Jay Sudha,Attendee
Stephanie,Cooper,stephanie.cooper@example.com,2025-04-10 09:13:13,2025-04-10 10:50:13,9876543210,Power Query in Excel,Jay Sudha,Attendee
Lisa,Miller,lisa.miller@example.com,2025-04-10 09:39:59,2025-04-10 10:57:59,9876543210,Power Query in Excel,Jay Sudha,Attendee
Lisa,Harris,lisa.harris@example.com,2025-04-10 09:02:58,2025-04-10 10:50:58,9876543210,Power Query in Excel,Jay Sudha,Attendee
Mark,Erickson,mark.erickson@example.com,2025-04-10 09:01:06,2025-04-10 10:57:06,9876543210,Power Query in Excel,Jay Sudha,Host
Zachary,Bryant,zachary.bryant@example.com,2025-04-10 09:08:50,2025-04-10 10:50:50,9876543210,Power Query in Excel,Jay Sudha,Attendee
Katherine,Cole,katherine.cole@example.com,2025-04-10 09:02:38,2025-04-10 10:48:38,9876543210,Power Query in Excel,Jay Sudha,Attendee
Benjamin,Richards,benjamin.richards@example.com,2025-04-10 09:02:36,2025-04-10 10:47:36,9876543210,Power Query in Excel,Jay Sudha,Attendee
William,Huang,william.huang@example.com,2025-04-10 09:21:53,2025-04-10 10:53:53,9876543210,Power Query in Excel,Jay Sudha,Attendee
Lisa,Jones,lisa.jones@example.com,2025-04-10 09:21:34,2025-04-10 10:39:34,9876543210,Power Query in Excel,Jay Sudha,Attendee
Krystal,Carr,krystal.carr@example.com,2025-04-10 09:44:15,2025-04-10 10:59:15,9876543210,Power Query in Excel,Jay Sudha,Attendee
Alexa,Mckinney,alexa.mckinney@example.com,2025-04-10 09:31:18,2025-04-10 10:46:18,9876543210,Power Query in Excel,Jay Sudha,Attendee
Thomas,Peters,thomas.peters@example.com,2025-04-10 09:04:36,2025-04-10 10:46:36,9876543210,Power Query in Excel,Jay Sudha,Attendee
Christopher,Holmes,christopher.holmes@example.com,2025-04-10 09:04:38,2025-04-10 10:57:38,9876543210,Power Query in Excel,Jay Sudha,Attendee
Lisa,Miller,lisa.miller@example.com,2025-04-10 09:00:05,2025-04-10 10:29:05,9876543210,Power Query in Excel,Jay Sudha,Attendee
Cathy,Hudson,cathy.hudson@example.com,2025-04-10 09:14:35,2025-04-10 10:50:35,9876543210,Power Query in Excel,Jay Sudha,Attendee
Martha,Hunt,martha.hunt@example.com,2025-04-10 09:02:51,2025-04-10 10:55:51,9876543210,Power Query in Excel,Jay Sudha,Co-Host
David,Stewart,david.stewart@example.com,2025-04-10 09:21:43,2025-04-10 10:56:43,9876543210,Power Query in Excel,Jay Sudha,Attendee
Ian,Martinez,ian.martinez@example.com,2025-04-10 09:00:23,2025-04-10 10:44:23,9876543210,Power Query in Excel,Jay Sudha,Co-Host
Norma,Lee,norma.lee@example.com,2025-04-10 09:11:31,2025-04-10 10:42:31,9876543210,Power Query in Excel,Jay Sudha,Attendee
Deanna,Hale,deanna.hale@example.com,2025-04-10 09:28:15,2025-04-10 10:45:15,9876543210,Power Query in Excel,Jay Sudha,Attendee
Rhonda,Burke,rhonda.burke@example.com,2025-04-10 09:26:35,2025-04-10 10:46:35,9876543210,Power Query in Excel,Jay Sudha,Attendee
Michael,Conley,michael.conley@example.com,2025-04-10 09:02:52,2025-04-10 10:50:52,9876543210,Power Query in Excel,Jay Sudha,Attendee
Ricky,Alexander,ricky.alexander@example.com,2025-04-10 09:02:38,2025-04-10 10:29:38,9876543210,Power Query in Excel,Jay Sudha,Attendee
Rachel,Avila,rachel.avila@example.com,2025-04-10 09:20:37,2025-04-10 10:54:37,9876543210,Power Query in Excel,Jay Sudha,Attendee
Anna,Lara,anna.lara@example.com,2025-04-10 09:10:34,2025-04-10 10:49:34,9876543210,Power Query in Excel,Jay Sudha,Attendee
Henry,Chavez,henry.chavez@example.com,2025-04-10 09:14:04,2025-04-10 10:51:04,9876543210,Power Query in Excel,Jay Sudha,Co-Host
James,Hughes,james.hughes@example.com,2025-04-10 09:09:00,2025-04-10 10:39:00,9876543210,Power Query in Excel,Jay Sudha,Attendee
Cole,Johnson,cole.johnson@example.com,2025-04-10 09:06:06,2025-04-10 10:56:06,9876543210,Power Query in Excel,Jay Sudha,Attendee
Gregory,Gilbert,gregory.gilbert@example.com,2025-04-10 09:00:21,2025-04-10 10:44:21,9876543210,Power Query in Excel,Jay Sudha,Attendee
Penny,Morris,penny.morris@example.com,2025-04-10 09:11:09,2025-04-10 10:54:09,9876543210,Power Query in Excel,Jay Sudha,Attendee
Julie,Neal,julie.neal@example.com,2025-04-10 09:18:54,2025-04-10 10:59:54,9876543210,Power Query in Excel,Jay Sudha,Host
Christopher,Williams,christopher.williams@example.com,2025-04-10 09:08:07,2025-04-10 10:52:07,9876543210,Power Query in Excel,Jay Sudha,Attendee
Krystal,Garrison,krystal.garrison@example.com,2025-04-10 09:27:26,2025-04-10 10:47:26,9876543210,Power Query in Excel,Jay Sudha,Attendee
Anthony,Black,anthony.black@example.com,2025-04-10 09:17:54,2025-04-10 10:38:54,9876543210,Power Query in Excel,Jay Sudha,Attendee
Matthew,Friedman,matthew.friedman@example.com,2025-04-10 09:05:28,2025-04-10 10:29:28,9876543210,Power Query in Excel,Jay Sudha,Attendee
Tammy,Moore,tammy.moore@example.com,2025-04-10 09:16:05,2025-04-10 10:44:05,9876543210,Power Query in Excel,Jay Sudha,Attendee
Connie,Mitchell,connie.mitchell@example.com,2025-04-10 09:35:15,2025-04-10 10:54:15,9876543210,Power Query in Excel,Jay Sudha,Attendee
Aaron,Morgan,aaron.morgan@example.com,2025-04-10 09:00:37,2025-04-10 10:50:37,9876543210,Power Query in Excel,Jay Sudha,Attendee
Heather,Martin,heather.martin@example.com,2025-04-10 09:18:42,2025-04-10 10:58:42,9876543210,Power Query in Excel,Jay Sudha,Attendee
Samantha,Bowman,samantha.bowman@example.com,2025-04-10 09:26:36,2025-04-10 10:52:36,9876543210,Power Query in Excel,Jay Sudha,Attendee
Sherry,Villa,sherry.villa@example.com,2025-04-10 09:08:16,2025-04-10 10:37:16,9876543210,Power Query in Excel,Jay Sudha,Attendee
Sonya,Webb,sonya.webb@example.com,2025-04-10 09:11:12,2025-04-10 10:43:12,9876543210,Power Query in Excel,Jay Sudha,Co-Host
Erika,Williams,erika.williams@example.com,2025-04-10 09:21:21,2025-04-10 10:56:21,9876543210,Power Query in Excel,Jay Sudha,Host
Cynthia,Murphy,cynthia.murphy@example.com,2025-04-10 09:16:24,2025-04-10 10:37:24,9876543210,Power Query in Excel,Jay Sudha,Attendee
Michael,Martin,michael.martin@example.com,2025-04-10 09:08:07,2025-04-10 10:41:07,9876543210,Power Query in Excel,Jay Sudha,Attendee
Steven,Walter,steven.walter@example.com,2025-04-10 09:14:21,2025-04-10 10:41:21,9876543210,Power Query in Excel,Jay Sudha,Attendee
Paul,Townsend,paul.townsend@example.com,2025-04-10 09:02:21,2025-04-10 10:45:21,9876543210,Power Query in Excel,Jay Sudha,Attendee
Sarah,Smith,sarah.smith@example.com,2025-04-10 09:02:46,2025-04-10 10:46:46,9876543210,Power Query in Excel,Jay Sudha,Attendee
Jennifer,Jackson,jennifer.jackson@example.com,2025-04-10 09:13:18,2025-04-10 10:44:18,9876543210,Power Query in Excel,Jay Sudha,Attendee
Andrew,Holloway,andrew.holloway@example.com,2025-04-10 09:10:09,2025-04-10 10:26:09,9876543210,Power Query in Excel,Jay Sudha,Attendee
Benjamin,Waters,benjamin.waters@example.com,2025-04-10 09:00:00,2025-04-10 11:00:00,9876543210,Power Query in Excel,Jay Sudha,Attendee
Ashley,Hernandez,ashley.hernandez@example.com,2025-04-10 09:03:49,2025-04-10 10:44:49,9876543210,Power Query in Excel,Jay Sudha,Attendee
Emily,James,emily.james@example.com,2025-04-10 09:05:13,2025-04-10 10:38:13,9876543210,Power Query in Excel,Jay Sudha,Co-Host
Robert,Bradley,robert.bradley@example.com,2025-04-10 09:00:06,2025-04-10 10:57:06,9876543210,Power Query in Excel,Jay Sudha,Attendee
Jennifer,Nielsen,jennifer.nielsen@example.com,2025-04-10 09:05:40,2025-04-10 10:54:40,9876543210,Power Query in Excel,Jay Sudha,Attendee
William,Ferguson,william.ferguson@example.com,2025-04-10 09:24:51,2025-04-10 10:42:51,9876543210,Power Query in Excel,Jay Sudha,Attendee
David,Knight,david.knight@example.com,2025-04-10 09:00:18,2025-04-10 10:56:18,9876543210,Power Query in Excel,Jay Sudha,Attendee
Tammy,Reynolds,tammy.reynolds@example.com,2025-04-10 09:05:59,2025-04-10 10:56:59,9876543210,Power Query in Excel,Jay Sudha,Attendee
John,James,john.james@example.com,2025-04-10 09:00:55,2025-04-10 10:58:55,9876543210,Power Query in Excel,Jay Sudha,Attendee
John,Olson,john.olson@example.com,2025-04-10 09:06:44,2025-04-10 10:55:44,9876543210,Power Query in Excel,Jay Sudha,Attendee
Cesar,King,cesar.king@example.com,2025-04-10 09:19:50,2025-04-10 10:48:50,9876543210,Power Query in Excel,Jay Sudha,Attendee
Nicole,Watson,nicole.watson@example.com,2025-04-10 09:09:24,2025-04-10 10:39:24,9876543210,Power Query in Excel,Jay Sudha,Attendee
Cassandra,Chan,cassandra.chan@example.com,2025-04-10 09:00:44,2025-04-10 10:34:44,9876543210,Power Query in Excel,Jay Sudha,Attendee
Joel,Williams,joel.williams@example.com,2025-04-10 09:29:55,2025-04-10 10:58:55,9876543210,Power Query in Excel,Jay Sudha,Attendee
Michelle,Myers,michelle.myers@example.com,2025-04-10 09:05:29,2025-04-10 10:50:29,9876543210,Power Query in Excel,Jay Sudha,Attendee
Amanda,Phelps,amanda.phelps@example.com,2025-04-10 09:07:16,2025-04-10 10:32:16,9876543210,Power Query in Excel,Jay Sudha,Attendee
Jennifer,Johnson,jennifer.johnson@example.com,2025-04-10 09:09:50,2025-04-10 10:24:50,9876543210,Power Query in Excel,Jay Sudha,Attendee
Jessica,Bray,jessica.bray@example.com,2025-04-10 09:14:22,2025-04-10 10:49:22,9876543210,Power Query in Excel,Jay Sudha,Attendee
Sandra,Reeves,sandra.reeves@example.com,2025-04-10 09:03:41,2025-04-10 10:58:41,9876543210,Power Query in Excel,Jay Sudha,Attendee
Evan,Peterson,evan.peterson@example.com,2025-04-10 09:31:32,2025-04-10 10:54:32,9876543210,Power Query in Excel,Jay Sudha,Co-Host
Erik,Sellers,erik.sellers@example.com,2025-04-10 09:28:03,2025-04-10 10:52:03,9876543210,Power Query in Excel,Jay Sudha,Host
Kathleen,Rodriguez,kathleen.rodriguez@example.com,2025-04-10 09:04:50,2025-04-10 10:51:50,9876543210,Power Query in Excel,Jay Sudha,Host
Michael,Fuller,michael.fuller@example.com,2025-04-10 09:25:08,2025-04-10 10:48:08,9876543210,Power Query in Excel,Jay Sudha,Attendee
Thomas,Stone,thomas.stone@example.com,2025-04-10 09:13:04,2025-04-10 10:59:04,9876543210,Power Query in Excel,Jay Sudha,Attendee
James,Bernard,james.bernard@example.com,2025-04-10 09:00:03,2025-04-10 10:59:03,9876543210,Power Query in Excel,Jay Sudha,Host
Jennifer,Nguyen,jennifer.nguyen@example.com,2025-04-10 09:06:02,2025-04-10 10:36:02,9876543210,Power Query in Excel,Jay Sudha,Attendee
Cynthia,Carter,cynthia.carter@example.com,2025-04-10 09:12:58,2025-04-10 10:41:58,9876543210,Power Query in Excel,Jay Sudha,Attendee
Austin,Jenkins,austin.jenkins@example.com,2025-04-10 09:14:43,2025-04-10 10:51:43,9876543210,Power Query in Excel,Jay Sudha,Attendee
Jessica,Reed,jessica.reed@example.com,2025-04-10 09:25:36,2025-04-10 10:48:36,9876543210,Power Query in Excel,Jay Sudha,Attendee
Daniel,Kelly,daniel.kelly@example.com,2025-04-10 09:09:01,2025-04-10 10:30:01,9876543210,Power Query in Excel,Jay Sudha,Attendee
Russell,Ross,russell.ross@example.com,2025-04-10 09:02:07,2025-04-10 10:18:07,9876543210,Power Query in Excel,Jay Sudha,Attendee
Dawn,Mann,dawn.mann@example.com,2025-04-10 09:02:35,2025-04-10 10:39:35,9876543210,Power Query in Excel,Jay Sudha,Attendee
Kimberly,Gardner,kimberly.gardner@example.com,2025-04-10 09:02:39,2025-04-10 10:36:39,9876543210,Power Query in Excel,Jay Sudha,Attendee
Devon,Hernandez,devon.hernandez@example.com,2025-04-10 09:18:54,2025-04-10 10:47:54,9876543210,Power Query in Excel,Jay Sudha,Attendee
Jeremy,Fox,jeremy.fox@example.com,2025-04-10 09:11:13,2025-04-10 10:36:13,9876543210,Power Query in Excel,Jay Sudha,Attendee
Trevor,Yoder,trevor.yoder@example.com,2025-04-10 09:13:58,2025-04-10 10:59:58,9876543210,Power Query in Excel,Jay Sudha,Attendee
Jill,Moran,jill.moran@example.com,2025-04-10 09:10:38,2025-04-10 10:55:38,9876543210,Power Query in Excel,Jay Sudha,Attendee
Gabrielle,Lang,gabrielle.lang@example.com,2025-04-10 09:00:00,2025-04-10 11:00:00,9876543210,Power Query in Excel,Jay Sudha,Attendee
Robert,Boyer,robert.boyer@example.com,2025-04-10 09:28:36,2025-04-10 10:59:36,9876543210,Power Query in Excel,Jay Sudha,Attendee
Matthew,Mason,matthew.mason@example.com,2025-04-10 09:05:24,2025-04-10 10:45:24,9876543210,Power Query in Excel,Jay Sudha,Attendee
Amanda,Thomas,amanda.thomas@example.com,2025-04-10 09:11:19,2025-04-10 10:46:19,9876543210,Power Query in Excel,Jay Sudha,Attendee
Tracey,Manning,tracey.manning@example.com,2025-04-10 09:12:50,2025-04-10 10:51:50,9876543210,Power Query in Excel,Jay Sudha,Co-Host
Jimmy,Melendez,jimmy.melendez@example.com,2025-04-10 09:10:25,2025-04-10 10:38:25,9876543210,Power Query in Excel,Jay Sudha,Attendee
Michael,Fry,michael.fry@example.com,2025-04-10 09:12:55,2025-04-10 10:42:55,9876543210,Power Query in Excel,Jay Sudha,Attendee
Kevin,Ortiz,kevin.ortiz@example.com,2025-04-10 09:08:43,2025-04-10 10:51:43,9876543210,Power Query in Excel,Jay Sudha,Attendee
Lisa,Vega,lisa.vega@example.com,2025-04-10 09:01:44,2025-04-10 10:58:44,9876543210,Power Query in Excel,Jay Sudha,Attendee
Dylan,Silva,dylan.silva@example.com,2025-04-10 09:05:15,2025-04-10 10:36:15,9876543210,Power Query in Excel,Jay Sudha,Attendee
Heidi,Holland,heidi.holland@example.com,2025-04-10 09:07:17,2025-04-10 10:32:17,9876543210,Power Query in Excel,Jay Sudha,Attendee
Caitlin,Morrison,caitlin.morrison@example.com,2025-04-10 09:06:59,2025-04-10 10:43:59,9876543210,Power Query in Excel,Jay Sudha,Attendee
Daniel,Barker,daniel.barker@example.com,2025-04-10 09:35:03,2025-04-10 10:53:03,9876543210,Power Query in Excel,Jay Sudha,Attendee
Nicholas,Leon,nicholas.leon@example.com,2025-04-10 09:11:30,2025-04-10 10:35:30,9876543210,Power Query in Excel,Jay Sudha,Attendee
Darrell,Cox,darrell.cox@example.com,2025-04-10 09:00:10,2025-04-10 10:46:10,9876543210,Power Query in Excel,Jay Sudha,Attendee
Lucas,Lowe,lucas.lowe@example.com,2025-04-10 09:32:48,2025-04-10 10:48:48,9876543210,Power Query in Excel,Jay Sudha,Attendee
Breanna,King,breanna.king@example.com,2025-04-10 09:25:11,2025-04-10 10:40:11,9876543210,Power Query in Excel,Jay Sudha,Attendee
Lisa,Perez,lisa.perez@example.com,2025-04-10 09:02:04,2025-04-10 10:58:04,9876543210,Power Query in Excel,Jay Sudha,Attendee
Anna,Wilcox,anna.wilcox@example.com,2025-04-10 09:10:51,2025-04-10 10:28:51,9876543210,Power Query in Excel,Jay Sudha,Attendee
Kimberly,Romero,kimberly.romero@example.com,2025-04-10 09:00:19,2025-04-10 10:57:19,9876543210,Power Query in Excel,Jay Sudha,Attendee
Gary,Carey,gary.carey@example.com,2025-04-10 09:30:14,2025-04-10 10:58:14,9876543210,Power Query in Excel,Jay Sudha,Attendee
Natalie,Holmes,natalie.holmes@example.com,2025-04-10 09:11:23,2025-04-10 10:35:23,9876543210,Power Query in Excel,Jay Sudha,Attendee
Donna,Kim,donna.kim@example.com,2025-04-10 09:20:45,2025-04-10 10:46:45,9876543210,Power Query in Excel,Jay Sudha,Attendee
Joseph,Matthews,joseph.matthews@example.com,2025-04-10 09:13:49,2025-04-10 10:54:49,9876543210,Power Query in Excel,Jay Sudha,Attendee
